[
    {
      "date":"2020-10-07",
      "market-cap":"$196,314,284,797",
      "volume":"$19,419,734,685",
      "open":"$10,605.96",
      "close":"N/A"
    },
    {
      "date":"2020-10-07",
      "market-cap":"$196,314,284,797",
      "volume":"$19,419,734,685",
      "open":"$10,605.96",
      "close":"$10,784.95" 
    },
    {
      "date":"2020-10-05",
      "market-cap":"$196,314,284,797",
      "volume":"$19,419,734,685",
      "open":"$10,605.96",
      "close":"$10,784.95" 
    },
    {
      "date":"2020-10-08",
      "market-cap":"$196,314,284,797",
      "volume":"$19,419,734,685",
      "open":"$10,605.96",
      "close":"$10,784.95" 
    },
    {
      "date":"2020-10-05",
      "market-cap":"$196,314,284,797",
      "volume":"$19,419,734,685",
      "open":"$10,605.96",
      "close":"$10,784.95" 
    },
    {
      "date":"2020-10-07",
      "market-cap":"$196,314,284,797",
      "volume":"$19,419,734,685",
      "open":"$10,605.96",
      "close":"N/A"
    },
    {
      "date":"2020-10-10",
      "market-cap":"$196,314,284,797",
      "volume":"$19,419,734,685",
      "open":"$10,605.96",
      "close":"N/A"
    },
    {
      "date":"2020-10-10",
      "market-cap":"$196,314,284,797",
      "volume":"$19,419,734,685",
      "open":"$10,605.96",
      "close":"N/A"
    },
    {
      "date":"2020-09-18",
      "market-cap":"$196,314,284,797",
      "volume":"$19,419,734,685",
      "open":"$10,605.96",
      "close":"N/A"
    },
    {
      "date":"2020-09-17",
      "market-cap":"$196,314,284,797",
      "volume":"$19,419,734,685",
      "open":"$10,605.96",
      "close":"N/A"
    },
    {
      "date":"2020-09-28",
      "market-cap":"$196,314,284,797",
      "volume":"$19,419,734,685",
      "open":"$10,605.96",
      "close":"N/A"
    },
    {
      "date":"2020-09-22",
      "market-cap":"$196,314,284,797",
      "volume":"$19,419,734,685",
      "open":"$10,605.96",
      "close":"N/A"
    },
    {
      "date":"2020-09-27",
      "market-cap":"$196,314,284,797",
      "volume":"$19,419,734,685",
      "open":"$10,605.96",
      "close":"N/A"
    }
]